{"cameraMode":{"drawMode":0,"name":"Shaded","section":"Shading Mode"},"sceneLighting":false,"audioPlay":false,"sceneViewState":{"m_AlwaysRefresh":false,"showFog":true,"showSkybox":false,"showFlares":true,"showImageEffects":true,"showParticleSystems":true,"showVisualEffectGraphs":true,"m_FxEnabled":true},"in2DMode":false,"pivot":{"x":6.013000011444092,"y":0.40400001406669619,"z":0.7310000061988831},"rotation":{"x":-0.0168059803545475,"y":0.012909825891256333,"z":-0.0002020558313233778,"w":-0.9997844696044922},"size":0.5431389808654785,"orthographic":false}